{
  "hash": "92819d99",
  "browserHash": "02c4c56f",
  "optimized": {
    "@heroicons/react/24/outline": {
      "src": "../../node_modules/@heroicons/react/24/outline/esm/index.js",
      "file": "@heroicons_react_24_outline.js",
      "fileHash": "a31d5d1b",
      "needsInterop": false
    },
    "@heroicons/react/24/solid": {
      "src": "../../node_modules/@heroicons/react/24/solid/esm/index.js",
      "file": "@heroicons_react_24_solid.js",
      "fileHash": "eafa584c",
      "needsInterop": false
    },
    "react": {
      "src": "../../node_modules/react/index.js",
      "file": "react.js",
      "fileHash": "3966e79a",
      "needsInterop": true
    },
    "react-dom/client": {
      "src": "../../node_modules/react-dom/client.js",
      "file": "react-dom_client.js",
      "fileHash": "b6b3cb04",
      "needsInterop": true
    },
    "react-router-dom": {
      "src": "../../node_modules/react-router-dom/dist/index.js",
      "file": "react-router-dom.js",
      "fileHash": "71b9ed9f",
      "needsInterop": false
    }
  },
  "chunks": {
    "chunk-E4RJ5AND": {
      "file": "chunk-E4RJ5AND.js"
    },
    "chunk-Q34MU4L5": {
      "file": "chunk-Q34MU4L5.js"
    }
  }
}